{
    "distance": 3029.760072315764,
    "lastSavedX": -1.0,
    "lastSavedY": -1.0,
    "totalDeaths": 0,
    "totalTime": 15.455999999999978
}
