{
    "distance": 82024.19107156307,
    "lastSavedX": -1.0,
    "lastSavedY": -1.0,
    "totalDeaths": 42,
    "totalTime": 390.0189999999595
}
