{
    "distance": 3147.239911062736,
    "lastSavedX": -1.0,
    "lastSavedY": -1.0,
    "totalDeaths": 0,
    "totalTime": 14.867000000000006
}
