{
    "distance": 4730.260251657801,
    "lastSavedX": -1.0,
    "lastSavedY": -1.0,
    "totalDeaths": 0,
    "totalTime": 20.262999999999963
}
