{
    "distance": 1462.8006400000095,
    "lastSavedX": -1.0,
    "lastSavedY": -1.0,
    "totalDeaths": 0,
    "totalTime": 10.329999999999998
}
