{
    "distance": 2607.5555286387366,
    "lastSavedX": 85.35167999999999,
    "lastSavedY": 223.9,
    "totalDeaths": 0,
    "totalTime": 15.625999999999989
}
