{
    "distance": 2607.5555286387366,
    "lastSavedX": -1.0,
    "lastSavedY": -1.0,
    "totalDeaths": 0,
    "totalTime": 15.625999999999989
}
