{
    "distance": 1631.2688334018605,
    "lastSavedX": -1.0,
    "lastSavedY": -1.0,
    "totalDeaths": 0,
    "totalTime": 9.549999999999981
}
