{
    "distance": 9116.078877345077,
    "lastSavedX": -1.0,
    "lastSavedY": -1.0,
    "totalDeaths": 52,
    "totalTime": 64.82600000000099
}
