{
    "distance": 18627.696865667447,
    "lastSavedX": -1.0,
    "lastSavedY": -1.0,
    "totalDeaths": 0,
    "totalTime": 82.27300000000119
}
