{
    "distance": 1937920.384784747,
    "doubleJumps": 5912,
    "jumps": 8982,
    "lastSaved": -1,
    "totalDeaths": 426,
    "totalTime": 9438.407000029147,
    "victories": 16,
    "volume": 1.0,
    "xplorations": 97
}
